{
  "models": [
    {
      "name": "RandomForest",
      "metrics": {
        "train_mae": 1.5754003474205334,
        "train_rmse": 2.3645597364136557,
        "train_r2": 0.7316920323219698,
        "test_mae": 2.5884379596665257,
        "test_rmse": 3.685786068018058,
        "test_r2": 0.37484183410497607
      }
    }
  ]
}